"Filename","LineNumber","Line"
"globals.css","6","   DEMOBULL ($DEMOBULL) — ULTRA-PREMIUM CRYPTO DESIGN SYSTEM"
"globals.css","404","   ASTRONAUT HERO & ZERO-G LEVITATION ANIMATIONS"
"layout.tsx","45","    siteName: ""DemoBull"","
"normal-styles.css","2","   DEMOBULL NORMAL VANILLA CSS ENGINE"
"page.tsx","21","        {/* Section 1: Interactive Deep Space Astronaut Hero */}"
"space-bull.css","16","   1. ASTRONAUT HERO POSITIONING & SCENE WRAPPER"
"space-bull.css","18",".astronaut-scene-wrapper {"
"space-bull.css","32","  .astronaut-scene-wrapper.is-terminal-active {"
"space-bull.css","39","  .astronaut-scene-wrapper.is-terminal-active {"
"space-bull.css","47",".astronaut-hero-image {"
"space-bull.css","58","  .astronaut-hero-image {"
"space-bull.css","65","  .astronaut-hero-image {"
"space-bull.css","73","  .astronaut-hero-image {"
"space-bull.css","662","   4. ASTRONAUT CIRCULAR COUNTDOWN RING"
"space-bull.css","664",".astronaut-countdown-container {"
"space-bull.css","923",".astronaut-countdown-container.is-surging {"
"space-bull.css","930","  .astronaut-countdown-container {"
"space-bull.css","971","  .astronaut-countdown-container {"
"route.ts","71","        message: ""This wallet has already claimed the $DEMOBULL airdrop allocation."","
"route.ts","80","      message: `Claimed! ${claimAmount.toLocaleString()} $DEMOBULL has been successfully credited to your wallet in the database.`,"
"route.ts","194","          indexSource: ""RAYDIUM CLMM // SOL-DEMOBULL"","
"route.ts","51","        message: ""Wallet registered successfully for DEMOBULL presale."","
"AirdropClaim.tsx","76","              : `Success! 200,000 $DEMOBULL allocated to your address in database.`,"
"AirdropClaim.tsx","107","            CLAIM <span className=""bg-gradient-to-r from-[#00ff66] via-[#14F195] to-[#38BDF8] bg-clip-text text-transparent"">200,000 $DEMOBULL</span>"
"AirdropClaim.tsx","110","            Free community allocation for early Solana bulls. Enter your wallet address to register your 200,000 $DEMOBULL allocation ($200 listing target value)."
"AirdropClaim.tsx","156","                    <span>CLAIM 200,000 $DEMOBULL</span>"
"AirdropClaim.tsx","200","                <span>{stats.totalTokensAllocated.toLocaleString()} $DEMOBULL ALLOCATED</span>"
"AstronautCountdownRing.tsx","7","interface AstronautCountdownRingProps {"
"AstronautCountdownRing.tsx","13","export const AstronautCountdownRing: React.FC<AstronautCountdownRingProps> = ({"
"AstronautCountdownRing.tsx","70","      className={`astronaut-countdown-container ${isSurging ? ""is-surging"" : """"}`}"
"AstronautHero.tsx","4","import { AstronautCountdownRing } from ""./AstronautCountdownRing"";"
"AstronautHero.tsx","6","interface AstronautHeroProps {"
"AstronautHero.tsx","11","export const AstronautHero: React.FC<AstronautHeroProps> = ({"
"AstronautHero.tsx","57","      className=""astronaut-scene-wrapper"""
"AstronautHero.tsx","88","      {/* Main Astronaut Anchor */}"
"AstronautHero.tsx","90","        className=""astronaut-anchor"""
"AstronautHero.tsx","123","        <AstronautCountdownRing isSurging={isSurging} />"
"AstronautHero.tsx","127","          className=""astronaut-levitate"""
"AstronautHero.tsx","140","            src=""/bull-astronaut-floating.png"""
"AstronautHero.tsx","141","            alt=""DemoBull ($DEMOBULL) Astronaut"""
"AstronautHero.tsx","142","            className=""astronaut-hero-image"""
"AstronautHero.tsx","185","          className=""astronaut-energy-disk"""
"BuyPresale.tsx","65","  const DemoBullTokens = tokenBreakdown.totalTokens;"
"BuyPresale.tsx","142","            BUY <span className=""text-[#00ff66]"">$DEMOBULL</span>"
"BuyPresale.tsx","151","            1 SOL = {(solPriceUsd / tokenPrice).toLocaleString()} DEMOBULL"
"BuyPresale.tsx","349","                ? `Minimum contribution is ${AMOUNT_CONFIG.minSolContribution} SOL (${AMOUNT_CONFIG.tier02SolTokens.toLocaleString()} $DEMOBULL).`"
"BuyPresale.tsx","375","              {DemoBullTokens.toLocaleString()}"
"BuyPresale.tsx","378","              <span>$DEMOBULL</span>"
"BuyPresale.tsx","395","            <span>Listing Est. (${PRICE_CONFIG.listingPriceUsd}): ${(DemoBullTokens * PRICE_CONFIG.listingPriceUsd).toLocaleString(undefined, { minimumFractionDigits: 2, maximumFractionDigits: 2 })} USD</span>"
"BuyPresale.tsx","471","                    <div>Allocation: {lookupResult.tx.tokens.toLocaleString()} $DEMOBULL</div>"
"Community.tsx","11","      handle: ""@DemoBullCoin"","
"Community.tsx","19","      handle: ""t.me/DemoBullCoin"","
"Community.tsx","63","            The DemoBull mission is fueled by thousands of decentralized Solana bulls across the globe. Join the discussion and track live transmissions."
"Disclaimer.tsx","19","              $DEMOBULL is a decentralized cryptographic utility and community token operating on the Solana blockchain. Cryptocurrency assets are subject to substantial market volatility and speculative risk. Nothing contained on this site constitutes investment, financial, tax, or legal advice."
"FAQ.tsx","12","      q: ""WHAT IS DEMOBULL ($DEMOBULL)?"","
"FAQ.tsx","13","      a: ""DemoBull ($DEMOBULL) is a Solana-native launchpad token and decentralized orbital movement engineered for the upcoming crypto bull cycle. It features a fixed hard cap of 10 Billion tokens, 80% public presale allocation, and an asymmetric 1,000X launch target."","
"FAQ.tsx","21","      a: ""Tiered bonuses are applied automatically: 0.2 SOL yields 20,000,000 $DEMOBULL (Base Tier), 1.0 SOL yields 200,000,000 $DEMOBULL (+100% Bonus), and 5.0 SOL yields 2,000,000,000 $DEMOBULL (+300% Whale Bonus, Presale Only)."","
"FAQ.tsx","24","      q: ""HOW DO I CLAIM THE 200,000 $DEMOBULL AIRDROP?"","
"FAQ.tsx","25","      a: ""Navigate to the Airdrop Portal on this page, enter your Solana wallet address, and click Claim. Each unique wallet is entitled to 1 claim of 200,000 $DEMOBULL, recorded in our database for distribution at launch."","
"FAQ.tsx","28","      q: ""WHEN AND WHERE WILL $DEMOBULL BE LISTED?"","
"FAQ.tsx","29","      a: ""Immediately following the conclusion of Stage 1 presale, $DEMOBULL will launch on Raydium CLMM and Orca with an initial target price of $0.001 USD. 100% of liquidity pool tokens will be locked and burned permanently."","
"FAQ.tsx","56","            Everything you need to know about the DemoBull presale, bonus calculation, security architecture, and token distribution."
"Footer.tsx","21","                  alt=""DemoBull"""
"Footer.tsx","27","                DEMOBULL <span className=""text-[#00ff66]"">$DEMOBULL</span>"
"Footer.tsx","96","            © 2026 DEMOBULL ($DEMOBULL) PROTOCOL. ALL RIGHTS RESERVED."
"Hero.tsx","7","import { AstronautCountdownRing } from ""./AstronautCountdownRing"";"
"Hero.tsx","55","    ""🎁 200,000 $DEMOBULL COMMUNITY AIRDROP"","
"Hero.tsx","93","              DemoBull (<span className=""text-[#00ff66] font-mono font-bold"">$DEMOBULL</span>) is the deep space Solana-native presale launchpad engineered for orbital momentum and 1,000X trajectory. 10B Hard Cap, 80% community allocation, and zero team dumping."
"Hero.tsx","103","                  1 SOL = 200,000,000 $DEMO"
"Hero.tsx","192","          {/* Right Column: The Levitating Astronaut Hero + Circular Countdown Dial */}"
"Hero.tsx","198","            {/* Astronaut Anchor Container */}"
"Hero.tsx","210","                <AstronautCountdownRing isSurging={false} />"
"Hero.tsx","214","              <div className=""absolute top-2 right-2 sm:top-4 sm:right-4 z-30 group cursor-pointer"" title=""DemoBull Certified Solana Project"">"
"Hero.tsx","218","                    alt=""DemoBull Certified Seal"""
"Hero.tsx","231","                  src=""/bull-astronaut-floating.png"""
"Hero.tsx","232","                  alt=""DemoBull Levitating Astronaut Mascot"""
"HowToBuy.tsx","30","      title: ""RECEIVE $DEMOBULL AT TGE"","
"ImportantSecurity.tsx","18","      description: ""The total supply is hard-capped at 10,000,000,000 $DEMOBULL. Mint authority will be irrevocably revoked upon TGE contract finalization."","
"ImportantSecurity.tsx","56","            Safety, transparency, and non-custodial cryptographic guarantees built into the foundation of the DemoBull protocol."
"MarketTerminal.tsx","143","                SOL-DEMOBULL // RAYDIUM CLMM SIMULATOR"
"Navbar.tsx","51","                alt=""DemoBull Solana Logo"""
"Navbar.tsx","59","                <span className=""text-[#00ff66] group-hover:text-[#39ff88] transition-colors"">DEMOBULL</span>"
"Navbar.tsx","111","              <span>BUY $DEMO</span>"
"PresaleDashboard.tsx","84","            Secure your $DEMOBULL allocation at Stage 1 fixed valuation before Raydium liquidity deployment. Tiered milestone bonuses apply automatically."
"Roadmap.tsx","47","        ""DemoBull staking & orbital multiplier vault"","
"StickyMobileCta.tsx","20","        <span>BUY $DEMOBULL</span>"
"TerminalHUD.tsx","52","            <span className=""brand-glow"">$DEMOBULL</span>"
"TerminalHUD.tsx","97","          <span className=""mobile-brand-name"">$DEMOBULL</span>"
"Tokenomics.tsx","39","                {AMOUNT_CONFIG.totalSupplyFormatted} <span className=""text-[#00ff66]"">$DEMOBULL</span>"
"WhyDemoBull.tsx","6","export default function WhyDemoBull() {"
"WhyDemoBull.tsx","35","      desc: ""The definitive space bull movement capturing the astronomical energy of the upcoming Solana bull supercycle."","
"WhyDemoBull.tsx","61","            WHY <span className=""bg-gradient-to-r from-[#00ff66] via-[#14F195] to-[#9945FF] bg-clip-text text-transparent"">$DEMOBULL</span>"
"config.ts","2"," * DemoBull ($DEMOBULL) — Project & Token Configuration"
"config.ts","4"," * Centralized settings for the DemoBull Solana deep space ecosystem."
"config.ts","12","  name: ""DemoBull"","
"config.ts","13","  symbol: ""$DEMOBULL"","
"config.ts","14","  ticker: ""DEMOBULL"","
"config.ts","20","    ""DemoBull ($DEMOBULL) is the deep space Solana-native presale launchpad engineered for orbital momentum and 1,000X trajectory."","
"config.ts","22","  heroImageUrl: ""/bull-astronaut-floating.png"","
"config.ts","34","  // Standard Presale Rate (1 SOL = 200,000,000 $DEMOBULL)"
"config.ts","42","  listingPriceUsd: 0.001, // 200,000 $DEMOBULL = $200 (1,000X target)"
"config.ts","68","  airdropAmountPerClaim: 200_000, // 200,000 $DEMOBULL per claimed wallet ($200 at listing)"
"config.ts","71","  minSolContribution: 0.2, // 0.2 SOL -> 20,000,000 $DEMOBULL"
"config.ts","72","  maxSolContribution: 10.0, // 10 SOL -> 4,000,000,000 $DEMOBULL"
"config.ts","75","  tier02SolTokens: 20_000_000,     // 0.2 SOL = 20,000,000 $DEMOBULL"
"config.ts","76","  tier1SolTokens: 200_000_000,     // 1.0 SOL = 200,000,000 $DEMOBULL"
"config.ts","77","  tier5SolTokens: 2_000_000_000,   // 5.0 SOL = 2,000,000,000 $DEMOBULL (Presale Only)"
"config.ts","342","      error: `Minimum contribution is ${AMOUNT_CONFIG.minSolContribution} SOL (${AMOUNT_CONFIG.tier02SolTokens.toLocaleString()} $DEMOBULL).`,"
"config.ts","348","      error: `Maximum contribution is ${AMOUNT_CONFIG.maxSolContribution} SOL (4,000,000,000 $DEMOBULL).`,"
"config.ts","357","const rawXUsername = process.env.NEXT_PUBLIC_X_USERNAME || ""DemoBullCoin"";"
"config.ts","364","  telegramUsername: process.env.NEXT_PUBLIC_TELEGRAM_USERNAME || ""DemoBullCoin"","
"config.ts","365","  telegramUrl: process.env.NEXT_PUBLIC_TELEGRAM_URL || ""https://t.me/DemoBullCoin"","
"config.ts","482","  title: ""DemoBull ($DEMOBULL) — Deep Space Solana Launchpad"","
"config.ts","484","    ""Official presale for DemoBull ($DEMOBULL) on Solana. 10B supply, 80% presale allocation, and $0.001 listing target. Join the orbital bull mission today."","
"config.ts","485","  ogTitle: ""DemoBull ($DEMOBULL) — Deep Space Solana Launchpad"","
"config.ts","487","    ""Official presale for DemoBull ($DEMOBULL) on Solana: 10B supply, 80% presale allocation, and 1,000X target. Buy $DEMOBULL today!"","
"config.ts","488","  twitterTitle: ""DemoBull ($DEMOBULL) — Deep Space Solana Launchpad"","
"config.ts","490","    ""Official presale for DemoBull ($DEMOBULL) on Solana: 10B supply, 80% presale allocation, and 1,000X target. Buy $DEMOBULL today!"","
"config.ts","491","  url: ""https://www.DemoBull.space"","
"config.ts","542","    rewardFormatted: ""200,000 $DEMOBULL"","
