"Path","LineNumber","Line"
"C:\Users\hojoi\Documents\astro-bull\components\AirdropClaim.tsx","76","              : `Success! 200,000 $DEMOBULL allocated to your address in database.`,"
"C:\Users\hojoi\Documents\astro-bull\components\AirdropClaim.tsx","107","            CLAIM <span className=""bg-gradient-to-r from-[#00ff66] via-[#14F195] to-[#38BDF8] bg-clip-text text-transparent"">200,000 $DEMOBULL</span>"
"C:\Users\hojoi\Documents\astro-bull\components\AirdropClaim.tsx","110","            Free community allocation for early Solana bulls. Enter your wallet address to register your 200,000 $DEMOBULL allocation ($200 listing target value)."
"C:\Users\hojoi\Documents\astro-bull\components\AirdropClaim.tsx","156","                    <span>CLAIM 200,000 $DEMOBULL</span>"
"C:\Users\hojoi\Documents\astro-bull\components\AirdropClaim.tsx","200","                <span>{stats.totalTokensAllocated.toLocaleString()} $DEMOBULL ALLOCATED</span>"
"C:\Users\hojoi\Documents\astro-bull\components\AstronautCountdownRing.tsx","7","interface AstronautCountdownRingProps {"
"C:\Users\hojoi\Documents\astro-bull\components\AstronautCountdownRing.tsx","13","export const AstronautCountdownRing: React.FC<AstronautCountdownRingProps> = ({"
"C:\Users\hojoi\Documents\astro-bull\components\AstronautCountdownRing.tsx","70","      className={`astronaut-countdown-container ${isSurging ? ""is-surging"" : """"}`}"
"C:\Users\hojoi\Documents\astro-bull\components\AstronautHero.tsx","4","import { AstronautCountdownRing } from ""./AstronautCountdownRing"";"
"C:\Users\hojoi\Documents\astro-bull\components\AstronautHero.tsx","6","interface AstronautHeroProps {"
"C:\Users\hojoi\Documents\astro-bull\components\AstronautHero.tsx","11","export const AstronautHero: React.FC<AstronautHeroProps> = ({"
"C:\Users\hojoi\Documents\astro-bull\components\AstronautHero.tsx","57","      className=""astronaut-scene-wrapper"""
"C:\Users\hojoi\Documents\astro-bull\components\AstronautHero.tsx","88","      {/* Main Astronaut Anchor */}"
"C:\Users\hojoi\Documents\astro-bull\components\AstronautHero.tsx","90","        className=""astronaut-anchor"""
"C:\Users\hojoi\Documents\astro-bull\components\AstronautHero.tsx","123","        <AstronautCountdownRing isSurging={isSurging} />"
"C:\Users\hojoi\Documents\astro-bull\components\AstronautHero.tsx","125","        {/* Levitating Bull Character Wrapper */}"
"C:\Users\hojoi\Documents\astro-bull\components\AstronautHero.tsx","127","          className=""astronaut-levitate"""
"C:\Users\hojoi\Documents\astro-bull\components\AstronautHero.tsx","138","          {/* Transparent PNG Cutout - Exact sizing from space-bull */}"
"C:\Users\hojoi\Documents\astro-bull\components\AstronautHero.tsx","140","            src=""/bull-astronaut-floating.png"""
"C:\Users\hojoi\Documents\astro-bull\components\AstronautHero.tsx","141","            alt=""DemoBull ($DEMOBULL) Astronaut"""
"C:\Users\hojoi\Documents\astro-bull\components\AstronautHero.tsx","142","            className=""astronaut-hero-image"""
"C:\Users\hojoi\Documents\astro-bull\components\AstronautHero.tsx","185","          className=""astronaut-energy-disk"""
"C:\Users\hojoi\Documents\astro-bull\components\BuyPresale.tsx","65","  const DemoBullTokens = tokenBreakdown.totalTokens;"
"C:\Users\hojoi\Documents\astro-bull\components\BuyPresale.tsx","142","            BUY <span className=""text-[#00ff66]"">$DEMOBULL</span>"
"C:\Users\hojoi\Documents\astro-bull\components\BuyPresale.tsx","151","            1 SOL = {(solPriceUsd / tokenPrice).toLocaleString()} DEMOBULL"
"C:\Users\hojoi\Documents\astro-bull\components\BuyPresale.tsx","349","                ? `Minimum contribution is ${AMOUNT_CONFIG.minSolContribution} SOL (${AMOUNT_CONFIG.tier02SolTokens.toLocaleString()} $DEMOBULL).`"
"C:\Users\hojoi\Documents\astro-bull\components\BuyPresale.tsx","375","              {DemoBullTokens.toLocaleString()}"
"C:\Users\hojoi\Documents\astro-bull\components\BuyPresale.tsx","378","              <span>$DEMOBULL</span>"
"C:\Users\hojoi\Documents\astro-bull\components\BuyPresale.tsx","395","            <span>Listing Est. (${PRICE_CONFIG.listingPriceUsd}): ${(DemoBullTokens * PRICE_CONFIG.listingPriceUsd).toLocaleString(undefined, { minimumFractionDigits: 2, maximumFractionDigits: 2 })} USD</span>"
"C:\Users\hojoi\Documents\astro-bull\components\BuyPresale.tsx","471","                    <div>Allocation: {lookupResult.tx.tokens.toLocaleString()} $DEMOBULL</div>"
"C:\Users\hojoi\Documents\astro-bull\components\Community.tsx","11","      handle: ""@DemoBullCoin"","
"C:\Users\hojoi\Documents\astro-bull\components\Community.tsx","19","      handle: ""t.me/DemoBullCoin"","
"C:\Users\hojoi\Documents\astro-bull\components\Community.tsx","63","            The DemoBull mission is fueled by thousands of decentralized Solana bulls across the globe. Join the discussion and track live transmissions."
"C:\Users\hojoi\Documents\astro-bull\components\Disclaimer.tsx","19","              $DEMOBULL is a decentralized cryptographic utility and community token operating on the Solana blockchain. Cryptocurrency assets are subject to substantial market volatility and speculative risk. Nothing contained on this site constitutes investment, financial, tax, or legal advice."
"C:\Users\hojoi\Documents\astro-bull\components\FAQ.tsx","12","      q: ""WHAT IS DEMOBULL ($DEMOBULL)?"","
"C:\Users\hojoi\Documents\astro-bull\components\FAQ.tsx","13","      a: ""DemoBull ($DEMOBULL) is a Solana-native launchpad token and decentralized orbital movement engineered for the upcoming crypto bull cycle. It features a fixed hard cap of 10 Billion tokens, 80% public presale allocation, and an asymmetric 1,000X launch target."","
"C:\Users\hojoi\Documents\astro-bull\components\FAQ.tsx","21","      a: ""Tiered bonuses are applied automatically: 0.2 SOL yields 20,000,000 $DEMOBULL (Base Tier), 1.0 SOL yields 200,000,000 $DEMOBULL (+100% Bonus), and 5.0 SOL yields 2,000,000,000 $DEMOBULL (+300% Whale Bonus, Presale Only)."","
"C:\Users\hojoi\Documents\astro-bull\components\FAQ.tsx","24","      q: ""HOW DO I CLAIM THE 200,000 $DEMOBULL AIRDROP?"","
"C:\Users\hojoi\Documents\astro-bull\components\FAQ.tsx","25","      a: ""Navigate to the Airdrop Portal on this page, enter your Solana wallet address, and click Claim. Each unique wallet is entitled to 1 claim of 200,000 $DEMOBULL, recorded in our database for distribution at launch."","
"C:\Users\hojoi\Documents\astro-bull\components\FAQ.tsx","28","      q: ""WHEN AND WHERE WILL $DEMOBULL BE LISTED?"","
"C:\Users\hojoi\Documents\astro-bull\components\FAQ.tsx","29","      a: ""Immediately following the conclusion of Stage 1 presale, $DEMOBULL will launch on Raydium CLMM and Orca with an initial target price of $0.001 USD. 100% of liquidity pool tokens will be locked and burned permanently."","
"C:\Users\hojoi\Documents\astro-bull\components\FAQ.tsx","56","            Everything you need to know about the DemoBull presale, bonus calculation, security architecture, and token distribution."
"C:\Users\hojoi\Documents\astro-bull\components\Footer.tsx","21","                  alt=""DemoBull"""
"C:\Users\hojoi\Documents\astro-bull\components\Footer.tsx","27","                DEMOBULL <span className=""text-[#00ff66]"">$DEMOBULL</span>"
"C:\Users\hojoi\Documents\astro-bull\components\Footer.tsx","31","              The deep space Solana-native presale launchpad capturing the next crypto bull supercycle."
"C:\Users\hojoi\Documents\astro-bull\components\Footer.tsx","96","            © 2026 DEMOBULL ($DEMOBULL) PROTOCOL. ALL RIGHTS RESERVED."
"C:\Users\hojoi\Documents\astro-bull\components\Hero.tsx","7","import { AstronautCountdownRing } from ""./AstronautCountdownRing"";"
"C:\Users\hojoi\Documents\astro-bull\components\Hero.tsx","55","    ""🎁 200,000 $DEMOBULL COMMUNITY AIRDROP"","
"C:\Users\hojoi\Documents\astro-bull\components\Hero.tsx","86","                BULL MARKET"
"C:\Users\hojoi\Documents\astro-bull\components\Hero.tsx","93","              DemoBull (<span className=""text-[#00ff66] font-mono font-bold"">$DEMOBULL</span>) is the deep space Solana-native presale launchpad engineered for orbital momentum and 1,000X trajectory. 10B Hard Cap, 80% community allocation, and zero team dumping."
"C:\Users\hojoi\Documents\astro-bull\components\Hero.tsx","103","                  1 SOL = 200,000,000 $DEMO"
"C:\Users\hojoi\Documents\astro-bull\components\Hero.tsx","192","          {/* Right Column: The Levitating Astronaut Hero + Circular Countdown Dial */}"
"C:\Users\hojoi\Documents\astro-bull\components\Hero.tsx","198","            {/* Astronaut Anchor Container */}"
"C:\Users\hojoi\Documents\astro-bull\components\Hero.tsx","210","                <AstronautCountdownRing isSurging={false} />"
"C:\Users\hojoi\Documents\astro-bull\components\Hero.tsx","214","              <div className=""absolute top-2 right-2 sm:top-4 sm:right-4 z-30 group cursor-pointer"" title=""DemoBull Certified Solana Project"">"
"C:\Users\hojoi\Documents\astro-bull\components\Hero.tsx","218","                    alt=""DemoBull Certified Seal"""
"C:\Users\hojoi\Documents\astro-bull\components\Hero.tsx","228","              {/* Levitating Bull Character Wrapper */}"
"C:\Users\hojoi\Documents\astro-bull\components\Hero.tsx","231","                  src=""/bull-astronaut-floating.png"""
"C:\Users\hojoi\Documents\astro-bull\components\Hero.tsx","232","                  alt=""DemoBull Levitating Astronaut Mascot"""
"C:\Users\hojoi\Documents\astro-bull\components\HowToBuy.tsx","30","      title: ""RECEIVE $DEMOBULL AT TGE"","
"C:\Users\hojoi\Documents\astro-bull\components\ImportantSecurity.tsx","18","      description: ""The total supply is hard-capped at 10,000,000,000 $DEMOBULL. Mint authority will be irrevocably revoked upon TGE contract finalization."","
"C:\Users\hojoi\Documents\astro-bull\components\ImportantSecurity.tsx","56","            Safety, transparency, and non-custodial cryptographic guarantees built into the foundation of the DemoBull protocol."
"C:\Users\hojoi\Documents\astro-bull\components\MarketTerminal.tsx","143","                SOL-DEMOBULL // RAYDIUM CLMM SIMULATOR"
"C:\Users\hojoi\Documents\astro-bull\components\Navbar.tsx","51","                alt=""DemoBull Solana Logo"""
"C:\Users\hojoi\Documents\astro-bull\components\Navbar.tsx","59","                <span className=""text-[#00ff66] group-hover:text-[#39ff88] transition-colors"">DEMOBULL</span>"
"C:\Users\hojoi\Documents\astro-bull\components\Navbar.tsx","111","              <span>BUY $DEMO</span>"
"C:\Users\hojoi\Documents\astro-bull\components\PresaleDashboard.tsx","84","            Secure your $DEMOBULL allocation at Stage 1 fixed valuation before Raydium liquidity deployment. Tiered milestone bonuses apply automatically."
"C:\Users\hojoi\Documents\astro-bull\components\Roadmap.tsx","26","        ""Global crypto bull market momentum campaign"","
"C:\Users\hojoi\Documents\astro-bull\components\Roadmap.tsx","47","        ""DemoBull staking & orbital multiplier vault"","
"C:\Users\hojoi\Documents\astro-bull\components\Roadmap.tsx","48","        ""Cross-chain bull market liquidity bridge"","
"C:\Users\hojoi\Documents\astro-bull\components\StickyMobileCta.tsx","20","        <span>BUY $DEMOBULL</span>"
"C:\Users\hojoi\Documents\astro-bull\components\TerminalHUD.tsx","52","            <span className=""brand-glow"">$DEMOBULL</span>"
"C:\Users\hojoi\Documents\astro-bull\components\TerminalHUD.tsx","97","          <span className=""mobile-brand-name"">$DEMOBULL</span>"
"C:\Users\hojoi\Documents\astro-bull\components\Tokenomics.tsx","39","                {AMOUNT_CONFIG.totalSupplyFormatted} <span className=""text-[#00ff66]"">$DEMOBULL</span>"
"C:\Users\hojoi\Documents\astro-bull\components\WhyDemoBull.tsx","6","export default function WhyDemoBull() {"
"C:\Users\hojoi\Documents\astro-bull\components\WhyDemoBull.tsx","35","      desc: ""The definitive space bull movement capturing the astronomical energy of the upcoming Solana bull supercycle."","
"C:\Users\hojoi\Documents\astro-bull\components\WhyDemoBull.tsx","61","            WHY <span className=""bg-gradient-to-r from-[#00ff66] via-[#14F195] to-[#9945FF] bg-clip-text text-transparent"">$DEMOBULL</span>"
"C:\Users\hojoi\Documents\astro-bull\app\api\airdrop\claim\route.ts","71","        message: ""This wallet has already claimed the $DEMOBULL airdrop allocation."","
"C:\Users\hojoi\Documents\astro-bull\app\api\airdrop\claim\route.ts","80","      message: `Claimed! ${claimAmount.toLocaleString()} $DEMOBULL has been successfully credited to your wallet in the database.`,"
"C:\Users\hojoi\Documents\astro-bull\app\api\market\terminal\route.ts","194","          indexSource: ""RAYDIUM CLMM // SOL-DEMOBULL"","
"C:\Users\hojoi\Documents\astro-bull\app\api\presale\register\route.ts","51","        message: ""Wallet registered successfully for DEMOBULL presale."","
"C:\Users\hojoi\Documents\astro-bull\app\layout.tsx","45","    siteName: ""DemoBull"","
"C:\Users\hojoi\Documents\astro-bull\app\page.tsx","21","        {/* Section 1: Interactive Deep Space Astronaut Hero */}"
